<?xml version="1.0" encoding="UTF-8"?>
<MedicareClaimRequest xmlns="http://medicare.gov/claims/2023">
    <Header>
        <TransactionId>TXN-706B9A20</TransactionId>
        <SubmissionDate>2025-08-12T18:55:29.7076495Z</SubmissionDate>
        <ProviderNPI>1234567890</ProviderNPI>
        <BatchNumber>BATCH-691</BatchNumber>
    </Header>
    
    <MembershipInfo>
        <MemberID>123456</MemberID>
        <MedicareBeneficiaryId>567890</MedicareBeneficiaryId>
        <FirstName>nithya</FirstName>
        <LastName>selvam</LastName>
        <DateOfBirth>1982-01-01</DateOfBirth>
        <Gender>f</Gender>
        <Address>
            <Street>600 Asylum avenue</Street>
            <City>hrtford</City>
            <State>ct</State>
            <ZipCode>06105</ZipCode>
        </Address>
        <EffectiveDate>2023-01-01</EffectiveDate>
        <PlanType>A</PlanType>
    </MembershipInfo>
    
    <ClaimDetails>
        <ClaimNumber>CLM-2025-132993</ClaimNumber>
        <ServiceDate>2023-01-01</ServiceDate>
        <PlaceOfService>11</PlaceOfService>
        <TypeOfBill>131</TypeOfBill>
        
        <ServiceLines>
            <ServiceLine>
                <LineNumber>1</LineNumber>
                <ProcedureCode>99213</ProcedureCode>
                <ProcedureDescription>Office Visit - Established Patient</ProcedureDescription>
                <Quantity>1</Quantity>
                <ChargedAmount>150.00</ChargedAmount>
                <DiagnosisCode>Z00.00</DiagnosisCode>
                <ModifierCode>25</ModifierCode>
            </ServiceLine>
        </ServiceLines>
        
        <TotalChargedAmount>150.00</TotalChargedAmount>
    </ClaimDetails>
    
    <ProviderInfo>
        <ProviderName>ABC Medical Center</ProviderName>
        <ProviderNPI>1234567890</ProviderNPI>
        <TaxId>12-3456789</TaxId>
        <Address>
            <Street>456 Healthcare Blvd</Street>
            <City>Medical City</City>
            <State>CA</State>
            <ZipCode>90211</ZipCode>
        </Address>
        <PhoneNumber>555-123-4567</PhoneNumber>
    </ProviderInfo>
</MedicareClaimRequest>